ID,brand,NIC,owner,image
000020982,DURAPIPE PETROL-LINE,"6, 17, 20",ALIAXIS UK LIMITED,No Image
000175695,AMERICAN PETROLEUM INSTITUTE CERTIFIED,"4, 16, 42",American Petroleum Institute,https://euipo.europa.eu/copla/thumbnail/GGIVU4WGEGD2LJBLYJY6ACUKPYZRFSKDTNU72DSNSWOLH2XP3BKSI2VUTQVJPIGYS5YAL2LW5T3OK
000272906,PETROLE HAHN,3,EUGENE PERMA FRANCE,No Image
000273326,PETROLE HAHN,3,EUGENE PERMA FRANCE,No Image
000283267,KPS PETROL PIPE SYSTEM,"17, 19",OPW Sweden AB,https://euipo.europa.eu/copla/thumbnail/GGIVU4WGEGD2LJBLYJY6ACUKPYZRFSKDTNU72DSNSWOLH2XP3BKVU3SAVWSRQ2A4KOVRER4S7J4DY
000607192,PETROLEUM ARGUS,"9, 16, 36",Argus Media Limited,No Image
000853515,HELLENIC PETROLEUM,"1, 4, 37, 39, 40, 42","HELLENIC PETROLEUM SINGLE MEMBER S.A. REFINING, SUPPLY &amp; SALES OF OIL PRODUCTS &amp; PETROCHEMICALS",https://euipo.europa.eu/copla/thumbnail/GGIVU4WGEGD2LJBLYJY6ACUKPYZRFSKDTNU72DSNSWOLH2XP3BK5MI3M4HBK3ETGLANYMDAHLAIZ4
0859510,PETROL WHEELS,12,"Wheel Pros, LLC",No Image
0865602,PETROLHEAD,14,ALFRED DUNHILL LIMITED,No Image
0877207,TRANSPETROL,"35, 37, 39, 42",VTG Rail Logistics Deutschland GmbH,https://euipo.europa.eu/copla/thumbnail/GGIVU4WGEGD2LJBLYJY6ACUKPZMLDFNQNJVJXHP6PWIEILVHEYSRU5F3I5XD4D5BFNTVE4CDYJ4M6
0901178,PV PETROLVALVES S.r.l.,7,PETROLVALVES S.P.A.,https://euipo.europa.eu/copla/thumbnail/GGIVU4WGEGD2LJBLYJY6ACUKPZMLDFNQNJVJXHP6PWIEILVHEYSUBPDQKU2CKNFSQOPFQKX3GW5DW
0905401,Petrol Ofisi,"1, 4",PETROL OFİSİ ANONİM ŞİRKETİ,https://euipo.europa.eu/copla/thumbnail/GGIVU4WGEGD2LJBLYJY6ACUKPZMLDFNQNJVJXHP6PWIEILVHEYSW2AANDILM4ATT52GSCHOFRCQPM
0956307,efix ROMPETROL,"4, 35",KMG International N.V.,https://euipo.europa.eu/copla/thumbnail/GGIVU4WGEGD2LJBLYJY6ACUKPZMLDFNQNJVJXHP6PWIEILVHEYSQPSKLRR2SCCT6HXTY6L643RCZY
1037244,PETROL,"6, 7, 17",TUBI THOR S.P.A.,No Image
1133930,pcic EUROPE PETROLEUM &amp; CHEMICAL INDUSTRY COMMITTEE,"1, 4, 5, 41",European Petroleum and Chemical Industry Committee (PCIC Europe),https://euipo.europa.eu/copla/thumbnail/GGIVU4WGEGD2LJBLYJY6ACUKPYLCN54ZRSFUTCCRFRIWMU5DB45OEGSLWPY45OLSSUPF23A2X7EFA
1154925,CADOGAN PETROLEUM,"1, 4, 37, 42",Cadogan Petroleum Holdings B.V.,https://euipo.europa.eu/copla/thumbnail/GGIVU4WGEGD2LJBLYJY6ACUKPYLCN54ZRSFUTCCRFRIWMU5DB45IJUJM4XJKPDZEUOJQ5RXMWIFBO
1178867,DANA PETROLEUM,"4, 39, 40",Dana Petroleum Limited,No Image
1180863,PETROLIS,"35, 37, 42",GROUPE CBV INGENIERIE,https://euipo.europa.eu/copla/thumbnail/GGIVU4WGEGD2LJBLYJY6ACUKPYLCN54ZRSFUTCCRFRIWMU5DB45POE4TNOWEKTD323ACFKQ5DFP5Y
1354965,MOL Petrolkémia,"1, 4, 17, 20, 21, 39, 42",MOL Magyar Olaj és Gázipari Nyilvánosan Müködő Részvénytársaság,No Image
1357451,MOL PETROLKÉMIA,"1, 4, 17, 20, 21, 39, 42",MOL Magyar Olaj és Gázipari Nyilvánosan Müködő Részvénytársaság,https://euipo.europa.eu/copla/thumbnail/GGIVU4WGEGD2LJBLYJY6ACUKPYLCN54ZRSFUTCCRFRIWMU5DB45JFJCM7H26Y6D2S7XQWVEHNXEIW
1399393,PETROLAD,4,BRB International B.V.,No Image
1414250,D DEMIRÖREN PETROL,"4, 37",MİLANGAZ LPG DAĞITIM TİCARET VE SANAYİ ANONİM ŞİRKETİ,https://euipo.europa.eu/copla/thumbnail/GGIVU4WGEGD2LJBLYJY6ACUKPYLCN54ZRSFUTCCRFRIWMU5DB45GVH3T7NGXQXU24LISBQ564MYC2
1450377,MAPETROL,"1, 2, 3, 4, 17, 35, 36, 37, 39, 40, 42, 45",SIMPOS trgovina in storitve d.o.o.,No Image
1476982,AMERICAN ASSOCIATION OF PETROLEUM GEOSCIENCES AAPG ADVANCING THE WORLD OF PETROLEUM GEOSCIENCES,35,The American Association of Petroleum Geologists,https://euipo.europa.eu/copla/thumbnail/GGIVU4WGEGD2LJBLYJY6ACUKPYLCN54ZRSFUTCCRFRIWMU5DB45IW2FUA24NRYUBPGB2WE4NXKAUU
1543312,ALMA PETROLI,"4, 19",ALMA PETROLI S.P.A.,https://euipo.europa.eu/copla/thumbnail/GGIVU4WGEGD2LJBLYJY6ACUKPYLCN54ZRSFUTCCRFRIWMU5DB45NDICVKUWTPWJPP6OETK3VXLODU
1563431,PETROL Energy for life,"4, 9, 11, 16, 35, 36, 37, 38, 39, 40, 42","Petrol d.d., Ljubljana",https://euipo.europa.eu/copla/thumbnail/GGIVU4WGEGD2LJBLYJY6ACUKPYLCN54ZRSFUTCCRFRIWMU5DB45P4GXVXSWTESE5BDNCUUIZQBQYI
002797629,PETROLOG,39,Hoyer GmbH Internationale Fachspedition,No Image
003253663,PETROLINE,"35, 39",Carmelo José López Martínez,https://euipo.europa.eu/copla/thumbnail/GGIVU4WGEGD2LJBLYJY6ACUKPZLCHF5WB55F55SNTTQLC6RKUQ2FWKQZNMJWAZMWGOMEP6ONHYRXY
003314945,tp TRANSPETROL,"12, 39",TRANSPETROL HOLDING LIMITED,https://euipo.europa.eu/copla/thumbnail/GGIVU4WGEGD2LJBLYJY6ACUKPZLCHF5WB55F55SNTTQLC6RKUQ2HDE2KSAST4CORUWMYREU4DFNFU
003977022,International Petroleum Exchange,"9, 35, 36",ICE  Futures,https://euipo.europa.eu/copla/thumbnail/GGIVU4WGEGD2LJBLYJY6ACUKPZLCHF5WB55F55SNTTQLC6RKUQ2DNAMW4RLUSHJP35ZGCMV3RZKUG
004692869,ANADARKO PETROLEUM CORPORATION,"1, 4, 6, 7, 9, 12, 25, 35, 36, 37, 39, 40, 42",Anadarko Petroleum Corporation,No Image
004713351,BIOPETROL INDUSTRIES AG,"1, 4, 11, 35, 39, 40, 42",Glencore Biofuels AG,https://euipo.europa.eu/copla/thumbnail/GGIVU4WGEGD2LJBLYJY6ACUKP266YKCNR2JU7FNJMSAFOAODEVITITRQXOZJISI6JYA3L7PDZYYEY
004968384,Anadarko Petroleum Corporation,"1, 4, 6, 7, 9, 12, 25, 35, 36, 37, 39, 40, 42",Anadarko Petroleum Corporation,https://euipo.europa.eu/copla/thumbnail/GGIVU4WGEGD2LJBLYJY6ACUKP266YKCNR2JU7FNJMSAFOAODEVI2TTCUWRBYLXPXXBDZQUV6SEIBY
005000518,Anadarko Petroleum Corporation Bringing Excellence to the Surface,"4, 25, 36, 37, 42",Anadarko Petroleum Corporation,https://euipo.europa.eu/copla/thumbnail/GGIVU4WGEGD2LJBLYJY6ACUKPZFXGD4B6MWNXYL5ZAH6AYIL5ZEIYV4DZ6H3CVAE67EQA7HJZ6OX4
005002845,ip ITALIANA PETROLI,"1, 4, 37, 43",MIP S.p.A.,https://euipo.europa.eu/copla/thumbnail/GGIVU4WGEGD2LJBLYJY6ACUKPZFXGD4B6MWNXYL5ZAH6AYIL5ZED2TT5VQMAGXDUWWLUVSL2ROZUW
005019302,PETROL,9,PETROL BAGS Ltd.,No Image
005055074,PETROLEUM INDUSTRY RESEARCH ASSOCIATES,36,"Petroleum Industry Research Associates, Inc. dba PIRA Energy Group",No Image
005312228,Anadarko Petroleum Corporation and Affiliates,"1, 4, 6, 7, 9, 12, 25, 35, 36, 37, 39, 40, 42",Anadarko Petroleum Corporation,https://euipo.europa.eu/copla/thumbnail/GGIVU4WGEGD2LJBLYJY6ACUKPZFXGD4B6MWNXYL5ZAH6AYIL5ZEHK7GISFSROZHGUPGQBJNVTI3KC
005312483,"Pinnacle GAS TREATING, INC. A Subsidiary of Anadarko Petroleum Corporation","6, 7, 9, 35, 36, 37, 39, 40, 42",Anadarko Petroleum Corporation,https://euipo.europa.eu/copla/thumbnail/GGIVU4WGEGD2LJBLYJY6ACUKPZFXGD4B6MWNXYL5ZAH6AYIL5ZEHM77QY6EM5AUKOAPNPW6FF7HVI
005906862,PETROLIS,"35, 36, 37, 41, 42",GROUPE CBV INGENIERIE S.A.,No Image
006475495,fip FORT INSTALACIONES PETROLERAS S.L.,"35, 37, 42","FORT INSTALACIONES PETROLERAS, S.L.",https://euipo.europa.eu/copla/thumbnail/GGIVU4WGEGD2LJBLYJY6ACUKP3STKASGLI2AG7OANZ5LJ5ILVLBDUNNPQ2TYIQNR5C4KTX4X3ZTE6
006658934,ADNOC VOYAGER GOLD PETROL ENGINE OIL FULLY SYNTHETIC SAE 5W/40 4L PETROL ENGINE OIL ULTIMATE PERFORMANCE FOR PREMIUM CARS,4,"Abu Dhabi National Oil Company for Distribution, Public Joint-stock",https://euipo.europa.eu/copla/thumbnail/GGIVU4WGEGD2LJBLYJY6ACUKP3STKASGLI2AG7OANZ5LJ5ILVLBBU33FCVPX3KFQO5FOJIYVZZFCG
007114267,Club Español del Petróleo,"16, 41, 42",CLUB ESPAÑOL DE LA ENERGIA (ENERCLUB) Asociación,https://euipo.europa.eu/copla/thumbnail/GGIVU4WGEGD2LJBLYJY6ACUKPYJMXYEQCHAD2DNZZZMTQT6SUNODZJ7PTQHCWBBLEHOEZ63L6IM3E
007157076,Conti Petrol,"4, 35, 39","Eller Montan Comp., GmbH",https://euipo.europa.eu/copla/thumbnail/GGIVU4WGEGD2LJBLYJY6ACUKPYJMXYEQCHAD2DNZZZMTQT6SUNOCMTPQIJL36LKQ5PVZVWOIY3XAS
007310261,AAPC AMERICAN ASSOCIATION OF PETROLEUM GEOLOGISTS 1917,42,The American Association of Petroleum Geologist,https://euipo.europa.eu/copla/thumbnail/GGIVU4WGEGD2LJBLYJY6ACUKPYJMXYEQCHAD2DNZZZMTQT6SUNOOHA2I4BUWCO5RQF67J5TRPCEH6
008128373,ECOPETROL GLOBAL ENERGY,"4, 36","ECOPETROL, S.A.",https://euipo.europa.eu/copla/thumbnail/GGIVU4WGEGD2LJBLYJY6ACUKPY2GMNUH2DMDRRPDKLRWSW4T4DCQOGLZDLHCPP6LDTLNC5L44YODQ
008419129,SVENSKA PETROLEUM EXPLORATION,"4, 42",Svenska Petroleum Exploration AB,https://euipo.europa.eu/copla/thumbnail/GGIVU4WGEGD2LJBLYJY6ACUKPY2GMNUH2DMDRRPDKLRWSW4T4DCWTJRNGFDGHVY2RCZTSMZBXFWNU
008591761,KING ABDULLAH PETROLEUM STUDIES AND RESEARCH CENTER,"9, 16, 41, 42",King Abdullah Petroleum Studies and Research Center,No Image
008994576,PETROL QMAX,"4, 35, 39","Petrol, Slovenska energetska družba, d.d., Ljubljana",No Image
009075706,GP General Petroleum,"1, 4",General Petroleum GmbH,https://euipo.europa.eu/copla/thumbnail/GGIVU4WGEGD2LJBLYJY6ACUKPYAKYLUC3OKTBFWWBLUAGFCOSH7HRB42PYGG2NFR5TZMNMKAK5UJG
009319104,GP General Petroleum,"1, 4",General Petroleum GmbH,https://euipo.europa.eu/copla/thumbnail/GGIVU4WGEGD2LJBLYJY6ACUKPYAKYLUC3OKTBFWWBLUAGFCOSH7AP3UDIVGNM2CQNV2PH43JMKBKI
009546557,AMERICAN PETROL,4,"AMERICAN PETROL, S.L.",https://euipo.europa.eu/copla/thumbnail/GGIVU4WGEGD2LJBLYJY6ACUKPYAKYLUC3OKTBFWWBLUAGFCOSH7B5ARYJYTLKRWX3GKXMH3Z35PBO
009675588,PETROLI,"35, 39",DISA PENINSULA S.L.U.,https://euipo.europa.eu/copla/thumbnail/GGIVU4WGEGD2LJBLYJY6ACUKPYAKYLUC3OKTBFWWBLUAGFCOSH7KOPMO547LS4E3ZK52GZ7DET6WW
009711961,QATAR PETROLEUM,"1, 4, 37, 39, 40, 42, 43",QatarEnergy,https://euipo.europa.eu/copla/thumbnail/GGIVU4WGEGD2LJBLYJY6ACUKPYAKYLUC3OKTBFWWBLUAGFCOSH7HRRCN2MBBR6Q4WABWXBY3XD7MS
009712861,QATAR PETROLEUM,"1, 4, 37, 39, 40, 42, 43",QatarEnergy,https://euipo.europa.eu/copla/thumbnail/GGIVU4WGEGD2LJBLYJY6ACUKPYAKYLUC3OKTBFWWBLUAGFCOSH7J6WXJDJGNMCJ5HSO2SCLTBQKJY
009920588,PETROLINK,"9, 16, 38, 41, 42",Petrolink International Limited,No Image
009927989,Finnpetrol Gmbh &amp; Co. KG FPG,39,FPG Finnpetrol GmbH &amp; Co. KG,https://euipo.europa.eu/copla/thumbnail/GGIVU4WGEGD2LJBLYJY6ACUKPYAKYLUC3OKTBFWWBLUAGFCOSH7L64CYY4YSPL6MMAIMHMRG4I6SY
010885846,FLYING BLUE PETROLEUM,"9, 35, 38, 39, 41","société Air France, société anonyme, Koninklijke Luchtvaart Maatschappij N.V.",No Image
011070398,CAIRN PETROLEUM,"16, 35, 37, 39, 40, 41, 42",Vedanta Limited,No Image
011192366,"G Petróleos de Portugal Petrogal, s.a.","1, 2, 3, 4, 6, 9, 16, 17, 19, 35, 36, 37, 38, 42, 43","Galp Energia, S.A.",https://euipo.europa.eu/copla/thumbnail/GGIVU4WGEGD2LJBLYJY6ACUKPZYLQBWJVJISVFFJYFI5V3HXMFMMLITESXR6OO6FMLSM67KOUXZ7Y
011348877,HELLENIC PETROLEUM Energy for Life,"1, 4, 37, 39, 40, 42","HELLENIC PETROLEUM SINGLE MEMBER S.A. REFINING, SUPPLY &amp; SALES OF OIL PRODUCTS &amp; PETROCHEMICALS",https://euipo.europa.eu/copla/thumbnail/GGIVU4WGEGD2LJBLYJY6ACUKPZYLQBWJVJISVFFJYFI5V3HXMFMHUDDBXGQ545QLNUU4WQOZJXZJ4
011793635,TP TÜRKIYE PETROLLERI,"1, 4, 35, 39, 40",TÜRKIYE PETROLLERI ANONIM ORTAKLIGI,https://euipo.europa.eu/copla/thumbnail/GGIVU4WGEGD2LJBLYJY6ACUKPZYLQBWJVJISVFFJYFI5V3HXMFMBODP3MB7VDZCRTS73ORFW5T6QO
011881455,PETROLO,33,PETROLO SOCIETA' AGRICOLA SOCIETA' SEMPLICE,No Image
012179371,SEPLAT PETROLEUM,"1, 9, 16, 35, 37, 39, 40, 41, 42",SEPLAT East Swamp Company Limited,No Image
012534558,ISPG INSTITUTO DO PETRÓLEO E GÁS,"16, 41, 42","Galp Energia, S.A.",https://euipo.europa.eu/copla/thumbnail/GGIVU4WGEGD2LJBLYJY6ACUKPZ5LJ5IFTCN6VF6M4KGCRSPGABG3G3J5IZ3M2BFYWM4TOR3RVD5DG
012839965,PETROLICIOUS,"9, 38, 41","Propulsion Media, LLC.",No Image
013166392,PETROLMODE,"35, 41","LUIS GUTIERREZ JIMENEZ, MARIA DEL ROSARIO LERIDA RODRIGUEZ",https://euipo.europa.eu/copla/thumbnail/GGIVU4WGEGD2LJBLYJY6ACUKP2D6IUAFWEL2LIF5UHRJ7XS3UJPUWKMXC354X4GHRMRPXDASJ2QO6
013632856,Petrol,"35, 37, 39",Петрол Технолоджис ООД,No Image
013632898,Петрол Petrol,"1, 4, 35, 37, 39",Петрол Технолоджис ООД,https://euipo.europa.eu/copla/thumbnail/GGIVU4WGEGD2LJBLYJY6ACUKP2D6IUAFWEL2LIF5UHRJ7XS3UJPXYS7PABE3FEZXDS5WMS5K4EVMU
013632906,Petrol,"1, 4, 35, 37, 39",Петрол Технолоджис ООД,https://euipo.europa.eu/copla/thumbnail/GGIVU4WGEGD2LJBLYJY6ACUKP2D6IUAFWEL2LIF5UHRJ7XS3UJP3PWCV2LJPFPGBVD24JYAURH4FG
013871223,ORYX PETROLEUM,"1, 4, 36, 37, 39",The Addax and Oryx Group plc,https://euipo.europa.eu/copla/thumbnail/GGIVU4WGEGD2LJBLYJY6ACUKP2D6IUAFWEL2LIF5UHRJ7XS3UJPU625DDUP4F47N3VAFB5JKNM524
014265342,KEROPETROL,"1, 4, 35, 37, 43",KEROPETROL SPA,https://euipo.europa.eu/copla/thumbnail/GGIVU4WGEGD2LJBLYJY6ACUKP22D5TH4HWBU7ERIQHFIMFEQUQOPTRQ5ZWASA4UHSWB2GYCSIXKEW
014265359,KEROPETROL,"1, 4, 35, 37, 43",KEROPETROL SPA,https://euipo.europa.eu/copla/thumbnail/GGIVU4WGEGD2LJBLYJY6ACUKP22D5TH4HWBU7ERIQHFIMFEQUQOKJ6V3SVLD55TELWUQMLYOCBUUM
014679088,Pré-sal Petróleo,"35, 42",Empresa Brasileira de Administração de Petróleo e Gás Natural S.A - Pré-Sal Petróleo S.A - PPSA,https://euipo.europa.eu/copla/thumbnail/GGIVU4WGEGD2LJBLYJY6ACUKP22D5TH4HWBU7ERIQHFIMFEQUQOHLY6HKCKUNGLFX75GFISMYB7RA
014778393,PETROL,"3, 9, 14, 18, 25, 35",Petrol Industries B.V.,https://euipo.europa.eu/copla/thumbnail/GGIVU4WGEGD2LJBLYJY6ACUKP22D5TH4HWBU7ERIQHFIMFEQUQOHMBYMH7N23HM4KBWIRTOJD25YM
014915144,FACE PETROLEUM,"4, 43",FACE PETROLEUM SL,https://euipo.europa.eu/copla/thumbnail/GGIVU4WGEGD2LJBLYJY6ACUKP22D5TH4HWBU7ERIQHFIMFEQUQOFVR5ZHZZXVOGNDFJ2QSEDYSIE4
015090806,ZHODA PETROLEUM,"4, 37, 40, 42",Zhoda Petroleum Ukraine AB,https://euipo.europa.eu/copla/thumbnail/GGIVU4WGEGD2LJBLYJY6ACUKPZ6UO3JD7WNBUUFWG4IW56GENJK53WTHAR65Q5JEG3W3A4ZGVRYUE
015092075,EVIA PETROL MARITIME CO.,"35, 36, 39",ΕΥΒΟΙΑ ΠΕΤΡΟΛ ΝΑΥΤΙΚΗ ΕΤΑΙΡΕΙΑ,https://euipo.europa.eu/copla/thumbnail/GGIVU4WGEGD2LJBLYJY6ACUKPZ6UO3JD7WNBUUFWG4IW56GENJKSGYRQ3L2SKBAR4NYQFCC4BAW44
015226764,Petrolicious,"16, 35, 41","Propulsion Media, LLC.",No Image
015226971,PETROLICIOUS,"9, 16, 35, 38, 41","Propulsion Media, LLC.",https://euipo.europa.eu/copla/thumbnail/GGIVU4WGEGD2LJBLYJY6ACUKPZ6UO3JD7WNBUUFWG4IW56GENJKVGVJ5G4LKDATJANS3QNMLZTSC2
015234768,PRÉ-SAL PETRÓLEO,"35, 42",Empresa Brasileira de Administração de Petróleo e Gás Natural S.A - Pré-Sal Petróleo S.A - PPSA,https://euipo.europa.eu/copla/thumbnail/GGIVU4WGEGD2LJBLYJY6ACUKPZ6UO3JD7WNBUUFWG4IW56GENJKYVRFNWLC7ORZNMQIVAHLWKYUNW
015862295,Petrol Circus Legends from the Dust,"35, 37, 39",BAZSI-TA Kft.,https://euipo.europa.eu/copla/thumbnail/GGIVU4WGEGD2LJBLYJY6ACUKPZ6UO3JD7WNBUUFWG4IW56GENJK3IJ662KZPKTMYG2PBNOB2HG7PO
016244899,Expert Petroleum,"37, 39, 42",EXPERT PETROLEUM S.R.L.,https://euipo.europa.eu/copla/thumbnail/GGIVU4WGEGD2LJBLYJY6ACUKPYSPRVBAQOOSZM42O7SI2WJYHBCUCCFBBTGMWDOHOG2NV5QOF6IXA
016478844,PI PETROLIFERA ITALIANA,39,PETROLIFERA ITALIANA SRL,https://euipo.europa.eu/copla/thumbnail/GGIVU4WGEGD2LJBLYJY6ACUKPYSPRVBAQOOSZM42O7SI2WJYHBCYGAEZHLEPV747QADQM3B2R3ABO
017035049,API AMERICAN PETROLEUM INSTITUTE CERTIFIED MARINE DIESEL EXHAUST FLUID,1,American Petroleum Institute,https://euipo.europa.eu/copla/thumbnail/GGIVU4WGEGD2LJBLYJY6ACUKPYV7S2XYV2IHZESYS2KSFIGKWMMUIY7GFDKCDIS2BHVH6G75KOGKO
017358813,KINETIC OIL GROUP PETROL ENERGY MARINE TRADE GAS OIL,"4, 39",Αντώνης Ηλιόπουλος,https://euipo.europa.eu/copla/thumbnail/GGIVU4WGEGD2LJBLYJY6ACUKPYV7S2XYV2IHZESYS2KSFIGKWMMWT4MOZLEVW2T5W3MJBUP3DKTAI
017555831,PE Petroleum Equity,36,Petroleum Equity arl,https://euipo.europa.eu/copla/thumbnail/GGIVU4WGEGD2LJBLYJY6ACUKPYV7S2XYV2IHZESYS2KSFIGKWMMSFNNBH7OL5JBR5VOAD7XP6KR4C
017641515,italiana petroli,43,MIP S.p.A.,https://euipo.europa.eu/copla/thumbnail/GGIVU4WGEGD2LJBLYJY6ACUKPYV7S2XYV2IHZESYS2KSFIGKWMMW3HXTVRDNM2UTVYRVIVILK2DGC
017717381,PETROL RACCORD,6,Petrol Raccord S.P.A.,https://euipo.europa.eu/copla/thumbnail/GGIVU4WGEGD2LJBLYJY6ACUKPYV7S2XYV2IHZESYS2KSFIGKWMMYZQY7BAILCETIPZJTKJDDDPOXK
017924140,PV PETROLVALVES Excellence in valve manufacturing,"6, 7",PETROLVALVES S.P.A.,https://euipo.europa.eu/copla/thumbnail/GGIVU4WGEGD2LJBLYJY6ACUKPYV7S2XYV2IHZESYS2KSFIGKWMM6SSDMQZM7IYSPQCLOOW2SRIAFK
017988696,ROMPETROL GO,"4, 35, 43",KMG International N.V.,No Image
018033388,MP MOBIL PETROL,37,FORT-IMPEX Kft.,https://euipo.europa.eu/copla/thumbnail/GGIVU4WGEGD2LJBLYJY6ACUKPZHJDQXWIZJLOY4DXNLCCIW7U45TNCO533KYZ3FVBAKTHAXQHDU2Q
018040703,LABORATORY TESTED FUEL LAB Guarantee Unipetrol RPA Refinery Laboratory,"4, 42","ORLEN UNIPETROL RPA, s.r.o.",https://euipo.europa.eu/copla/thumbnail/GGIVU4WGEGD2LJBLYJY6ACUKPZHJDQXWIZJLOY4DXNLCCIW7U453PITY4RAQIN4ME6UOJG4HEXGPM
018042444,PETROLHEART,42,Francisco Calado,https://euipo.europa.eu/copla/thumbnail/GGIVU4WGEGD2LJBLYJY6ACUKPZHJDQXWIZJLOY4DXNLCCIW7U455RMBYDH6WUGTBNLD6KHINJDYBQ
018050606,PV PETROLVALVES,"6, 7, 9, 37, 42",PETROLVALVES S.P.A.,https://euipo.europa.eu/copla/thumbnail/GGIVU4WGEGD2LJBLYJY6ACUKPZHJDQXWIZJLOY4DXNLCCIW7U45Y34NXJIQBJOZ2OUIK7435KNKOC
018100207,PETROLYTICS,"9, 35, 36, 37, 41, 42",Petrofac Facilities Management Limited,No Image
018100798,Petrolina (Holdings) Public Ltd,"37, 39",PETROLINA (HOLDINGS) PUBLIC LIMITED,https://euipo.europa.eu/copla/thumbnail/GGIVU4WGEGD2LJBLYJY6ACUKPZHJDQXWIZJLOY4DXNLCCIW7U45SL2EDYPGTVMTSIT5ZPQ6I4C3HU
018100799,PETROLINA,"37, 39",PETROLINA (HOLDINGS) PUBLIC LIMITED,https://euipo.europa.eu/copla/thumbnail/GGIVU4WGEGD2LJBLYJY6ACUKPZHJDQXWIZJLOY4DXNLCCIW7U456IIRWF4IP6KF4RJ5BZOTAVY2QS
018100807,petrolina,35,PETROLINA (HOLDINGS) PUBLIC LIMITED,https://euipo.europa.eu/copla/thumbnail/GGIVU4WGEGD2LJBLYJY6ACUKPZHJDQXWIZJLOY4DXNLCCIW7U45XBIUMS3FG2ATZEIYAAUYYUQUHK
018100816,PETROLINA GAS,39,PETROLINA (HOLDINGS) PUBLIC LIMITED,https://euipo.europa.eu/copla/thumbnail/GGIVU4WGEGD2LJBLYJY6ACUKPZHJDQXWIZJLOY4DXNLCCIW7U453EFSQCQZKGXKX3USIN3PNIWF42
018105491,PETROLINA SOLAR LTD,37,PETROLINA SOLAR LIMITED,https://euipo.europa.eu/copla/thumbnail/GGIVU4WGEGD2LJBLYJY6ACUKPZHJDQXWIZJLOY4DXNLCCIW7U453WAGVYLYQQ7NDJVKTR56BXHQG6
018123872,AMERICAN PETROLEUM INSTITUTE SAE CERTIFIED FOR GASOLINE ENGINES,4,American Petroleum Institute,https://euipo.europa.eu/copla/thumbnail/GGIVU4WGEGD2LJBLYJY6ACUKPZHJDQXWIZJLOY4DXNLCCIW7U45Z2FME7RQGBEQAJI6GH33O2CAOI
018230474,HIB PETROL,"4, 35, 43",Hib Petrol SH.P.K.,No Image
018230475,HIB HIB PETROL,"4, 35, 43",Hib Petrol SH.P.K.,https://euipo.europa.eu/copla/thumbnail/GGIVU4WGEGD2LJBLYJY6ACUKPZHJDQXWIZJLOY4DXNLCCIW7U45RJCP2AW5HBXINRI2JYDHNAWQNE
018257695,Eau de Pétrole,"12, 25","Luca Ignace Turci, Luc Müllesch",No Image
018258372,MARKETING PETROLI,"4, 35, 37, 39, 40, 42",MARKETING PETROLI,https://euipo.europa.eu/copla/thumbnail/GGIVU4WGEGD2LJBLYJY6ACUKPZHJDQXWIZJLOY4DXNLCCIW7U45ZI6WCKWPUKDZP7TRJWINJ27BRY
018258747,OPEN PETROL&amp;GAS SA,"4, 39",Χαράλαμπος Ρέγγας,https://euipo.europa.eu/copla/thumbnail/GGIVU4WGEGD2LJBLYJY6ACUKPZHJDQXWIZJLOY4DXNLCCIW7U4554L4V55OTVJYRM5U7JE3BWLDGE
018259331,THE ROAD TO A CLEANER FUTURE PETROL,"18, 25",Petrol Industries B.V.,https://euipo.europa.eu/copla/thumbnail/GGIVU4WGEGD2LJBLYJY6ACUKPZHJDQXWIZJLOY4DXNLCCIW7U454LBSJWUJ4M4YL5KPSDPUYF3D4E
018263181,PETROL INDUSTRIES,"3, 9, 14, 18, 25, 35",Petrol Industries B.V.,No Image
018263185,PETROL,"3, 9, 14, 18, 25, 35",Petrol Industries B.V.,No Image
018264780,ROMPETROL GO,"9, 35, 36",KMG International N.V.,No Image
018288336,Pré-sal Petróleo,"35, 36, 41, 42",Empresa Brasileira de Administração de Petróleo e Gás Natural S.A - Pré-Sal Petróleo S.A - PPSA,https://euipo.europa.eu/copla/thumbnail/GGIVU4WGEGD2LJBLYJY6ACUKPZHJDQXWIZJLOY4DXNLCCIW7U45YMFBIHG25EMZA6LHRZ4ZHV4K7K
018288337,Pré-sal Petróleo,"35, 36, 41, 42",Empresa Brasileira de Administração de Petróleo e Gás Natural S.A - Pré-Sal Petróleo S.A - PPSA,https://euipo.europa.eu/copla/thumbnail/GGIVU4WGEGD2LJBLYJY6ACUKPZHJDQXWIZJLOY4DXNLCCIW7U45XCOAENJ33MNSCSZO4IPYKULGOW
018326205,PETROLHEADS YOURFUNCAR.DE,"12, 35, 36, 37, 39, 41",proWIN Fleet &amp; Facility GmbH,https://euipo.europa.eu/copla/thumbnail/GGIVU4WGEGD2LJBLYJY6ACUKPZHJDQXWIZJLOY4DXNLCCIW7U4545V4B7RBA2WLP4XL2RYUIFPSKS
018326206,PETROLHEADS YOURFUNCAR.DE,"12, 35, 36, 37, 39, 41",proWIN Fleet &amp; Facility GmbH,https://euipo.europa.eu/copla/thumbnail/GGIVU4WGEGD2LJBLYJY6ACUKPZHJDQXWIZJLOY4DXNLCCIW7U45YH3IYEMMG3ZC6IHPMVO7KFTRBE
018326207,PETROLHEADS YOURFUNCAR.DE,"12, 35, 36, 37, 39, 41",proWIN Fleet &amp; Facility GmbH,https://euipo.europa.eu/copla/thumbnail/GGIVU4WGEGD2LJBLYJY6ACUKPZHJDQXWIZJLOY4DXNLCCIW7U453VRFBHOZ3YVHC3XRG7QKM7GHQC
018350030,SOURKRAUTS&nbsp; MADE FOR PETROLHEADS,"14, 16, 25, 35, 41",André Weber,https://euipo.europa.eu/copla/thumbnail/GGIVU4WGEGD2LJBLYJY6ACUKPZHJDQXWIZJLOY4DXNLCCIW7U45ZFKJSLKC5WHXDYN3GA3HYCLOJK
018351566,PETROLUX LUBRICANTS,35,ERNESTO VIVAS MARTIN,https://euipo.europa.eu/copla/thumbnail/GGIVU4WGEGD2LJBLYJY6ACUKPZHJDQXWIZJLOY4DXNLCCIW7U454N3WGXNYN6RQ4C5PWOC3OLCJEE
018371147,ANGEL PETROL,"37, 43",AVALON PARK Kft.,No Image
018383887,ROMPETROL ajungi mai departe getting further rompetrol,"4, 35, 43",KMG International N.V.,https://euipo.europa.eu/copla/thumbnail/GGIVU4WGEGD2LJBLYJY6ACUKPZHJDQXWIZJLOY4DXNLCCIW7U4565YBZ43QDFXJVVB52SQU6PZVM2
018383907,ROMPETROL Impreuna parcurgem drumul mai usor! Together we make the road easier! rompetrol,"4, 35, 43",KMG International N.V.,https://euipo.europa.eu/copla/thumbnail/GGIVU4WGEGD2LJBLYJY6ACUKPZHJDQXWIZJLOY4DXNLCCIW7U45QWU2PM7V3XUDRBDMFKWYKVJFUK
018384394,ROMPETROL&nbsp; Energia care te poarta mai departe Energy that takes you further rompetrol,"4, 35, 43",KMG International N.V.,https://euipo.europa.eu/copla/thumbnail/GGIVU4WGEGD2LJBLYJY6ACUKPZHJDQXWIZJLOY4DXNLCCIW7U452KJ5623W33OY36EOAHVRMM66TM
018398901,"DISA CORPORACIÓN PETROLIFERA, S.A.","35, 36, 42","DISA HOLDING ENERGÉTICO, S.L.U",No Image
018432869,MP Montpetrol Group,"4, 6, 7, 37, 39, 40, 42",MONTPETROL spol. s r.o.,https://euipo.europa.eu/copla/thumbnail/GGIVU4WGEGD2LJBLYJY6ACUKPZHJDQXWIZJLOY4DXNLCCIW7U45RCPUYHWXJFIAHFXPKNP7QL7MDY
018437947,EDELMOTORS EM HOPE LOVE SPEED RIDE FAST RIDE HARD RIDE ON TURBO PETROL HEADS NITRO,"18, 25, 35",PRY Automobil- &amp; Vertriebs GmbH,https://euipo.europa.eu/copla/thumbnail/GGIVU4WGEGD2LJBLYJY6ACUKPZHJDQXWIZJLOY4DXNLCCIW7U457SMCNWU7Q4SLDQ4DU7VFZYUDW2
018610606,MAPETROL,"1, 3, 4, 7",SIMPOS d.o.o.,No Image
018770970,PROFESSIONAL DIAMOND TEXTURE GLOVES PRO-D GLOVES BY PETROL ENERGY,9,PETROL ENERGY SRL,https://euipo.europa.eu/copla/thumbnail/GGIVU4WGEGD2LJBLYJY6ACUKPZHJDQXWIZJLOY4DXNLCCIW7U45ZEBB5RAXSFBM2PB63QOHLUDZUY
018783662,VENKON PETROL,"1, 4, 19",OÜ Venkon Group,https://euipo.europa.eu/copla/thumbnail/GGIVU4WGEGD2LJBLYJY6ACUKPZHJDQXWIZJLOY4DXNLCCIW7U45YFUI3ZG56ZO4WJQPN637STAB54
018807862,ECO RESPONSIBLE SUBSTITUTION OF PALM-PETROL,"1, 2, 3, 4, 29",BIOSYNTHIS,https://euipo.europa.eu/copla/thumbnail/GGIVU4WGEGD2LJBLYJY6ACUKPZHJDQXWIZJLOY4DXNLCCIW7U455UI7OWSIRSR5V3OMMGURR2M74M
018809798,ROMPETROL. Energy for sustainable living / Energie pentru un viitor sustenabil,"4, 35, 43",KMG International N.V.,https://euipo.europa.eu/copla/thumbnail/GGIVU4WGEGD2LJBLYJY6ACUKPZHJDQXWIZJLOY4DXNLCCIW7U457RUJKKYAWER4G7VKXJFJNQGS2Y
018809889,ROMPETROL Energy for life / Energie vie,"4, 35, 43",KMG International N.V.,https://euipo.europa.eu/copla/thumbnail/GGIVU4WGEGD2LJBLYJY6ACUKPZHJDQXWIZJLOY4DXNLCCIW7U45UU2PYTUGO3ZPVDGE5D4JW56DKO
018824628,FRANKFURT PETROLEUM,"1, 4, 35",Frankfurt Petroleum GmbH,https://euipo.europa.eu/copla/thumbnail/GGIVU4WGEGD2LJBLYJY6ACUKPZHJDQXWIZJLOY4DXNLCCIW7U455NBQHQLZPYGGXFWMPKJUCD2MLO
018869877,geoplin PETROL GROUP,"35, 36, 39, 40",GEOPLIN d.o.o. Ljubljana,https://euipo.europa.eu/copla/thumbnail/GGIVU4WGEGD2LJBLYJY6ACUKPZHJDQXWIZJLOY4DXNLCCIW7U45YIB3TAIQQNH556PVXRJLBPUMFA
018869953,geoplin PETROL GROUP,"35, 36, 39, 40",GEOPLIN d.o.o. Ljubljana,https://euipo.europa.eu/copla/thumbnail/GGIVU4WGEGD2LJBLYJY6ACUKPZHJDQXWIZJLOY4DXNLCCIW7U45SEE2TW5ZYXOT65K5XRCPKFNM2U
018877602,BEGHELLI: IL SOLE E' IL PETROLIO DELL'ITALIA,"9, 11, 35",BEGHELLI S.P.A.,No Image
018909861,API AMERICAN PETROLEUM INSTITUTE CERTIFIED DIESEL EXHAUST FLUID,1,American Petroleum Institute,https://euipo.europa.eu/copla/thumbnail/GGIVU4WGEGD2LJBLYJY6ACUKPZHJDQXWIZJLOY4DXNLCCIW7U455FATCUHS3CIWLY42OU5QSXUOZ6
018924454,Petroli Valle Padana,4,Petroli Valle Padana Di Federico Bocchio &amp; C. s.a.s.,No Image
018948129,PETROL VIBES,"6, 11, 35, 42","Reklamos principas, MB",https://euipo.europa.eu/copla/thumbnail/GGIVU4WGEGD2LJBLYJY6ACUKPZHJDQXWIZJLOY4DXNLCCIW7U45VIS7NPG4WAU4RN44H7XXI24PYG
018991711,PETROLHEAD REVOLUTION,"25, 35",David Bello Rodriguez,https://euipo.europa.eu/copla/thumbnail/GGIVU4WGEGD2LJBLYJY6ACUKPZHJDQXWIZJLOY4DXNLCCIW7U454B2YPWDVSGBNLLLH5YTHGNOKWM
